{
  "scope": "D",
  "version": 1,
  "restricted": false,
  "overridable": true,
  "files": [],
  "attributes": {
    "menuRoot": {
      "children": [
        {
          "children": [
            {
              "script": "system.security.logout()",
              "name": "Logout",
              "description": "",
              "iconPath": "Builtin/icons/16/id_card_delete.png",
              "mnemonic": "L"
            },
            {
              "script": "system.security.lockScreen()",
              "name": "Lock Screen",
              "description": "",
              "iconPath": "Builtin/icons/16/monitor_lock.png",
              "mnemonic": "S"
            },
            {
              "script": "system.util.exit()",
              "name": "Exit",
              "description": "",
              "iconPath": "Builtin/icons/16/exit.png",
              "mnemonic": "E"
            }
          ],
          "script": "",
          "name": "Command",
          "description": "",
          "iconPath": "",
          "mnemonic": "C"
        }
      ],
      "script": "",
      "name": "Menu Item",
      "description": "",
      "iconPath": "",
      "mnemonic": ""
    },
    "lastModificationSignature": "b9ea176c440d1d8f12453d77d2c76c38f50bcaf723607f4e22a7c8b374f06429",
    "lastModification": {
      "actor": "550328",
      "timestamp": "2025-12-12T13:45:48Z"
    }
  }
}